{
  "c0_ppm": 420.0,
  "cg_ppm": 610.2495879033453,
  "theta_s": 9.049679412498113,
  "rmse_ppm": 2.292764360188996,
  "r2": 0.9934015459271721,
  "nt": 12.485576714447836,
  "flux_mg_m2_h": 3.2570533079888384
}