{
  "c0_ppm": 420.0,
  "cg_ppm": 610.2495879033453,
  "theta_s": 9.049679412498113,
  "rmse_ppm": 2.292764360188996,
  "r2": 0.9934015459271721,
  "nt": 12.485576714447836,
  "flux_mg_m2_h": 210.22798624291593,
  "ambient_ppm": 420.0,
  "cg_ppm_ci": [
    545.9336557156917,
    1208630.508301485
  ],
  "theta_s_ci": [
    5.5995631395903205,
    98215.38614522414
  ],
  "flux_mg_m2_h_ci": [
    9.662127003972769,
    237.8421019219104
  ]
}