{
  "c0_ppm": 419.2319157025432,
  "cg_ppm": 469.94195728651187,
  "theta_s": 25.714035193473137,
  "rmse_ppm": 0.45905663953472053,
  "r2": 0.9992870705419166,
  "nt": 39.452942278852824,
  "flux_mg_m2_h": 19.422061497056823,
  "ambient_ppm": 420.0
}