{
  "c0_ppm": 419.209847500037,
  "cg_ppm": 469.742524384847,
  "theta_s": 100.9343809666791,
  "rmse_ppm": 0.6336847702876126,
  "r2": 0.998007860363993,
  "nt": 23.199896392536754,
  "flux_mg_m2_h": 4.928204236103477,
  "ambient_ppm": 420.0
}