{
  "c0_ppm": 421.8117203538153,
  "cg_ppm": 472.71875949328347,
  "theta_s": 61.498813973111815,
  "rmse_ppm": 0.6737957207308666,
  "r2": 0.9982624755657132,
  "nt": 24.912417624666507,
  "flux_mg_m2_h": 8.572321332299659,
  "ambient_ppm": 420.0
}