time_s,C_ppm
0.0,425.14428436975953
30.0,442.8435141727164
60.0,451.8901997594504
90.0,463.5394460156539
120.0,467.4894442549795
150.0,459.8893788909873
180.0,463.3121320038329
