time_s,C_ppm
0.0,421.8117203538153
30.0,442.06174111197
60.0,452.4726019227536
90.0,460.917654037828
120.0,466.2488328760314
150.0,468.91793393259513
180.0,469.1492394850556
