time_s,C_ppm
0.0,419.209847500037
30.0,431.316672084728
60.0,441.7488326772472
90.0,448.9693180168126
120.0,455.417191965624
150.0,458.6774301810751
180.0,460.3878969415849
