time_s,C_ppm
0.0,419.2319157025432
30.0,454.5521506172859
60.0,464.6755106606167
90.0,467.6651050953536
120.0,469.7158791452409
150.0,469.5804450770171
180.0,470.6223951184448
